[
  {
    "model": "auth.permission",
    "fields": {
      "name": "Can add device",
      "content_type": [
        "offliner",
        "device"
      ],
      "codename": "add_device"
    }
  },
  {
    "model": "auth.permission",
    "fields": {
      "name": "Can change device",
      "content_type": [
        "offliner",
        "device"
      ],
      "codename": "change_device"
    }
  },
  {
    "model": "auth.permission",
    "fields": {
      "name": "Can delete device",
      "content_type": [
        "offliner",
        "device"
      ],
      "codename": "delete_device"
    }
  },
  {
    "model": "auth.permission",
    "fields": {
      "name": "Can view device",
      "content_type": [
        "offliner",
        "device"
      ],
      "codename": "view_device"
    }
  },
  {
    "model": "auth.permission",
    "fields": {
      "name": "Can add location",
      "content_type": [
        "offliner",
        "location"
      ],
      "codename": "add_location"
    }
  },
  {
    "model": "auth.permission",
    "fields": {
      "name": "Can change location",
      "content_type": [
        "offliner",
        "location"
      ],
      "codename": "change_location"
    }
  },
  {
    "model": "auth.permission",
    "fields": {
      "name": "Can delete location",
      "content_type": [
        "offliner",
        "location"
      ],
      "codename": "delete_location"
    }
  },
  {
    "model": "auth.permission",
    "fields": {
      "name": "Can view location",
      "content_type": [
        "offliner",
        "location"
      ],
      "codename": "view_location"
    }
  },
  {
    "model": "auth.permission",
    "fields": {
      "name": "Can add placeholder",
      "content_type": [
        "offliner",
        "placeholder"
      ],
      "codename": "add_placeholder"
    }
  },
  {
    "model": "auth.permission",
    "fields": {
      "name": "Can change placeholder",
      "content_type": [
        "offliner",
        "placeholder"
      ],
      "codename": "change_placeholder"
    }
  },
  {
    "model": "auth.permission",
    "fields": {
      "name": "Can delete placeholder",
      "content_type": [
        "offliner",
        "placeholder"
      ],
      "codename": "delete_placeholder"
    }
  },
  {
    "model": "auth.permission",
    "fields": {
      "name": "Can view placeholder",
      "content_type": [
        "offliner",
        "placeholder"
      ],
      "codename": "view_placeholder"
    }
  },
  {
    "model": "auth.permission",
    "fields": {
      "name": "Can add arranged show",
      "content_type": [
        "offliner",
        "arrangedshow"
      ],
      "codename": "add_arrangedshow"
    }
  },
  {
    "model": "auth.permission",
    "fields": {
      "name": "Can change arranged show",
      "content_type": [
        "offliner",
        "arrangedshow"
      ],
      "codename": "change_arrangedshow"
    }
  },
  {
    "model": "auth.permission",
    "fields": {
      "name": "Can delete arranged show",
      "content_type": [
        "offliner",
        "arrangedshow"
      ],
      "codename": "delete_arrangedshow"
    }
  },
  {
    "model": "auth.permission",
    "fields": {
      "name": "Can view arranged show",
      "content_type": [
        "offliner",
        "arrangedshow"
      ],
      "codename": "view_arrangedshow"
    }
  },
  {
    "model": "auth.permission",
    "fields": {
      "name": "Can add floating show",
      "content_type": [
        "offliner",
        "floatingshow"
      ],
      "codename": "add_floatingshow"
    }
  },
  {
    "model": "auth.permission",
    "fields": {
      "name": "Can change floating show",
      "content_type": [
        "offliner",
        "floatingshow"
      ],
      "codename": "change_floatingshow"
    }
  },
  {
    "model": "auth.permission",
    "fields": {
      "name": "Can delete floating show",
      "content_type": [
        "offliner",
        "floatingshow"
      ],
      "codename": "delete_floatingshow"
    }
  },
  {
    "model": "auth.permission",
    "fields": {
      "name": "Can view floating show",
      "content_type": [
        "offliner",
        "floatingshow"
      ],
      "codename": "view_floatingshow"
    }
  },
  {
    "model": "auth.permission",
    "fields": {
      "name": "Can add device work period",
      "content_type": [
        "offliner",
        "deviceworkperiod"
      ],
      "codename": "add_deviceworkperiod"
    }
  },
  {
    "model": "auth.permission",
    "fields": {
      "name": "Can change device work period",
      "content_type": [
        "offliner",
        "deviceworkperiod"
      ],
      "codename": "change_deviceworkperiod"
    }
  },
  {
    "model": "auth.permission",
    "fields": {
      "name": "Can delete device work period",
      "content_type": [
        "offliner",
        "deviceworkperiod"
      ],
      "codename": "delete_deviceworkperiod"
    }
  },
  {
    "model": "auth.permission",
    "fields": {
      "name": "Can view device work period",
      "content_type": [
        "offliner",
        "deviceworkperiod"
      ],
      "codename": "view_deviceworkperiod"
    }
  },
  {
    "model": "auth.permission",
    "fields": {
      "name": "Can add ad campaign",
      "content_type": [
        "offliner",
        "adcampaign"
      ],
      "codename": "add_adcampaign"
    }
  },
  {
    "model": "auth.permission",
    "fields": {
      "name": "Can change ad campaign",
      "content_type": [
        "offliner",
        "adcampaign"
      ],
      "codename": "change_adcampaign"
    }
  },
  {
    "model": "auth.permission",
    "fields": {
      "name": "Can delete ad campaign",
      "content_type": [
        "offliner",
        "adcampaign"
      ],
      "codename": "delete_adcampaign"
    }
  },
  {
    "model": "auth.permission",
    "fields": {
      "name": "Can view ad campaign",
      "content_type": [
        "offliner",
        "adcampaign"
      ],
      "codename": "view_adcampaign"
    }
  },
  {
    "model": "auth.permission",
    "fields": {
      "name": "Can add media",
      "content_type": [
        "offliner",
        "media"
      ],
      "codename": "add_media"
    }
  },
  {
    "model": "auth.permission",
    "fields": {
      "name": "Can change media",
      "content_type": [
        "offliner",
        "media"
      ],
      "codename": "change_media"
    }
  },
  {
    "model": "auth.permission",
    "fields": {
      "name": "Can delete media",
      "content_type": [
        "offliner",
        "media"
      ],
      "codename": "delete_media"
    }
  },
  {
    "model": "auth.permission",
    "fields": {
      "name": "Can view media",
      "content_type": [
        "offliner",
        "media"
      ],
      "codename": "view_media"
    }
  },
  {
    "model": "auth.permission",
    "fields": {
      "name": "Can add ordered media for device",
      "content_type": [
        "offliner",
        "orderedmediafordevice"
      ],
      "codename": "add_orderedmediafordevice"
    }
  },
  {
    "model": "auth.permission",
    "fields": {
      "name": "Can change ordered media for device",
      "content_type": [
        "offliner",
        "orderedmediafordevice"
      ],
      "codename": "change_orderedmediafordevice"
    }
  },
  {
    "model": "auth.permission",
    "fields": {
      "name": "Can delete ordered media for device",
      "content_type": [
        "offliner",
        "orderedmediafordevice"
      ],
      "codename": "delete_orderedmediafordevice"
    }
  },
  {
    "model": "auth.permission",
    "fields": {
      "name": "Can view ordered media for device",
      "content_type": [
        "offliner",
        "orderedmediafordevice"
      ],
      "codename": "view_orderedmediafordevice"
    }
  },
  {
    "model": "auth.permission",
    "fields": {
      "name": "Can add permission",
      "content_type": [
        "auth",
        "permission"
      ],
      "codename": "add_permission"
    }
  },
  {
    "model": "auth.permission",
    "fields": {
      "name": "Can change permission",
      "content_type": [
        "auth",
        "permission"
      ],
      "codename": "change_permission"
    }
  },
  {
    "model": "auth.permission",
    "fields": {
      "name": "Can delete permission",
      "content_type": [
        "auth",
        "permission"
      ],
      "codename": "delete_permission"
    }
  },
  {
    "model": "auth.permission",
    "fields": {
      "name": "Can view permission",
      "content_type": [
        "auth",
        "permission"
      ],
      "codename": "view_permission"
    }
  },
  {
    "model": "auth.permission",
    "fields": {
      "name": "Can add group",
      "content_type": [
        "auth",
        "group"
      ],
      "codename": "add_group"
    }
  },
  {
    "model": "auth.permission",
    "fields": {
      "name": "Can change group",
      "content_type": [
        "auth",
        "group"
      ],
      "codename": "change_group"
    }
  },
  {
    "model": "auth.permission",
    "fields": {
      "name": "Can delete group",
      "content_type": [
        "auth",
        "group"
      ],
      "codename": "delete_group"
    }
  },
  {
    "model": "auth.permission",
    "fields": {
      "name": "Can view group",
      "content_type": [
        "auth",
        "group"
      ],
      "codename": "view_group"
    }
  },
  {
    "model": "auth.permission",
    "fields": {
      "name": "Can add content type",
      "content_type": [
        "contenttypes",
        "contenttype"
      ],
      "codename": "add_contenttype"
    }
  },
  {
    "model": "auth.permission",
    "fields": {
      "name": "Can change content type",
      "content_type": [
        "contenttypes",
        "contenttype"
      ],
      "codename": "change_contenttype"
    }
  },
  {
    "model": "auth.permission",
    "fields": {
      "name": "Can delete content type",
      "content_type": [
        "contenttypes",
        "contenttype"
      ],
      "codename": "delete_contenttype"
    }
  },
  {
    "model": "auth.permission",
    "fields": {
      "name": "Can view content type",
      "content_type": [
        "contenttypes",
        "contenttype"
      ],
      "codename": "view_contenttype"
    }
  },
  {
    "model": "auth.permission",
    "fields": {
      "name": "Can add blacklisted token",
      "content_type": [
        "token_blacklist",
        "blacklistedtoken"
      ],
      "codename": "add_blacklistedtoken"
    }
  },
  {
    "model": "auth.permission",
    "fields": {
      "name": "Can change blacklisted token",
      "content_type": [
        "token_blacklist",
        "blacklistedtoken"
      ],
      "codename": "change_blacklistedtoken"
    }
  },
  {
    "model": "auth.permission",
    "fields": {
      "name": "Can delete blacklisted token",
      "content_type": [
        "token_blacklist",
        "blacklistedtoken"
      ],
      "codename": "delete_blacklistedtoken"
    }
  },
  {
    "model": "auth.permission",
    "fields": {
      "name": "Can view blacklisted token",
      "content_type": [
        "token_blacklist",
        "blacklistedtoken"
      ],
      "codename": "view_blacklistedtoken"
    }
  },
  {
    "model": "auth.permission",
    "fields": {
      "name": "Can add outstanding token",
      "content_type": [
        "token_blacklist",
        "outstandingtoken"
      ],
      "codename": "add_outstandingtoken"
    }
  },
  {
    "model": "auth.permission",
    "fields": {
      "name": "Can change outstanding token",
      "content_type": [
        "token_blacklist",
        "outstandingtoken"
      ],
      "codename": "change_outstandingtoken"
    }
  },
  {
    "model": "auth.permission",
    "fields": {
      "name": "Can delete outstanding token",
      "content_type": [
        "token_blacklist",
        "outstandingtoken"
      ],
      "codename": "delete_outstandingtoken"
    }
  },
  {
    "model": "auth.permission",
    "fields": {
      "name": "Can view outstanding token",
      "content_type": [
        "token_blacklist",
        "outstandingtoken"
      ],
      "codename": "view_outstandingtoken"
    }
  },
  {
    "model": "auth.permission",
    "fields": {
      "name": "Can add user",
      "content_type": [
        "users",
        "user"
      ],
      "codename": "add_user"
    }
  },
  {
    "model": "auth.permission",
    "fields": {
      "name": "Can change user",
      "content_type": [
        "users",
        "user"
      ],
      "codename": "change_user"
    }
  },
  {
    "model": "auth.permission",
    "fields": {
      "name": "Can delete user",
      "content_type": [
        "users",
        "user"
      ],
      "codename": "delete_user"
    }
  },
  {
    "model": "auth.permission",
    "fields": {
      "name": "Can view user",
      "content_type": [
        "users",
        "user"
      ],
      "codename": "view_user"
    }
  },
  {
    "model": "auth.permission",
    "fields": {
      "name": "Can change client",
      "content_type": [
        "offliner",
        "adcampaign"
      ],
      "codename": "can_change_client"
    }
  },
  {
    "model": "auth.permission",
    "fields": {
      "name": "Can change personal manager",
      "content_type": [
        "offliner",
        "adcampaign"
      ],
      "codename": "can_change_personal_manager"
    }
  },
  {
    "model": "auth.permission",
    "fields": {
      "name": "Can make invisible",
      "content_type": [
        "offliner",
        "adcampaign"
      ],
      "codename": "can_make_invisible"
    }
  },
  {
    "model": "auth.permission",
    "fields": {
      "name": "Can approve",
      "content_type": [
        "offliner",
        "adcampaign"
      ],
      "codename": "can_approve"
    }
  },
  {
    "model": "auth.permission",
    "fields": {
      "name": "Can higher approve",
      "content_type": [
        "offliner",
        "adcampaign"
      ],
      "codename": "can_higher_approve"
    }
  },
  {
    "model": "auth.permission",
    "fields": {
      "name": "Can assign personal manager",
      "content_type": [
        "offliner",
        "adcampaign"
      ],
      "codename": "can_assign_personal_manager"
    }
  },
  {
    "model": "auth.permission",
    "fields": {
      "name": "Can create in any status",
      "content_type": [
        "offliner",
        "adcampaign"
      ],
      "codename": "create_in_any_status"
    }
  },
  {
    "model": "auth.permission",
    "fields": {
      "name": "Can add someone else`s adcampaign",
      "content_type": [
        "offliner",
        "adcampaign"
      ],
      "codename": "can_add_someone_elses_adcampaign"
    }
  },
  {
    "model": "auth.permission",
    "fields": {
      "name": "Can edit someone else`s adcampaign",
      "content_type": [
        "offliner",
        "adcampaign"
      ],
      "codename": "can_edit_someone_elses_adcampaign"
    }
  },
  {
    "model": "auth.permission",
    "fields": {
      "name": "Can delete someone else`s adcampaign",
      "content_type": [
        "offliner",
        "adcampaign"
      ],
      "codename": "can_delete_someone_elses_adcampaign"
    }
  },
  {
    "model": "auth.permission",
    "fields": {
      "name": "Can see list of all ad campaigns",
      "content_type": [
        "offliner",
        "adcampaign"
      ],
      "codename": "view_all_adcampaigns"
    }
  },
  {
    "model": "auth.permission",
    "fields": {
      "name": "Has access to administration page",
      "content_type": [
        "users",
        "user"
      ],
      "codename": "has_access_to_admin"
    }
  },
  {
    "model": "auth.permission",
    "fields": {
      "name": "Can add user to manager link",
      "content_type": [
        "users",
        "usertomanagerlink"
      ],
      "codename": "add_usertomanagerlink"
    }
  },
  {
    "model": "auth.permission",
    "fields": {
      "name": "Can change user to manager link",
      "content_type": [
        "users",
        "usertomanagerlink"
      ],
      "codename": "change_usertomanagerlink"
    }
  },
  {
    "model": "auth.permission",
    "fields": {
      "name": "Can delete user to manager link",
      "content_type": [
        "users",
        "usertomanagerlink"
      ],
      "codename": "delete_usertomanagerlink"
    }
  },
  {
    "model": "auth.permission",
    "fields": {
      "name": "Can view user to manager link",
      "content_type": [
        "users",
        "usertomanagerlink"
      ],
      "codename": "view_usertomanagerlink"
    }
  },
  {
    "model": "auth.permission",
    "fields": {
      "name": "Can manage users",
      "content_type": [
        "users",
        "user"
      ],
      "codename": "can_manage_users"
    }
  },
  {
    "model": "auth.permission",
    "fields": {
      "name": "Can manage devices",
      "content_type": [
        "users",
        "user"
      ],
      "codename": "can_manage_devices"
    }
  },
  {
    "model": "auth.permission",
    "fields": {
      "name": "Can see other users email",
      "content_type": [
        "users",
        "user"
      ],
      "codename": "can_see_other_users_email"
    }
  },
  {
    "model": "auth.permission",
    "fields": {
      "name": "Can change user role",
      "content_type": [
        "users",
        "user"
      ],
      "codename": "can_change_user_role"
    }
  },
  {
    "model": "auth.permission",
    "fields": {
      "name": "Can see list of all media",
      "content_type": [
        "offliner",
        "media"
      ],
      "codename": "view_all_media"
    }
  },
  {
    "model": "auth.permission",
    "fields": {
      "name": "Can edit someone else`s media",
      "content_type": [
        "offliner",
        "media"
      ],
      "codename": "can_edit_someone_elses_media"
    }
  },
  {
    "model": "auth.group",
    "fields": {
      "name": "client",
      "permissions": [
        [
          "view_adcampaign",
          "offliner",
          "adcampaign"
        ],
        [
          "add_adcampaign",
          "offliner",
          "adcampaign"
        ],
        [
          "change_adcampaign",
          "offliner",
          "adcampaign"
        ],
        [
          "can_make_invisible",
          "offliner",
          "adcampaign"
        ],
        [
          "view_device",
          "offliner",
          "device"
        ],
        [
          "view_media",
          "offliner",
          "media"
        ]
      ]
    }
  },
  {
    "model": "auth.group",
    "fields": {
      "name": "personal manager",
      "permissions": [
        [
          "view_adcampaign",
          "offliner",
          "adcampaign"
        ],
        [
          "add_adcampaign",
          "offliner",
          "adcampaign"
        ],
        [
          "change_adcampaign",
          "offliner",
          "adcampaign"
        ],
        [
          "can_change_client",
          "offliner",
          "adcampaign"
        ],
        [
          "can_make_invisible",
          "offliner",
          "adcampaign"
        ],
        [
          "can_approve",
          "offliner",
          "adcampaign"
        ],
        [
          "has_access_to_admin",
          "users",
          "user"
        ],
        [
          "can_manage_users",
          "users",
          "user"
        ],
        [
          "view_all_adcampaigns",
          "offliner",
          "adcampaign"
        ],
        [
          "view_device",
          "offliner",
          "device"
        ],
        [
          "view_media",
          "offliner",
          "media"
        ],
        [
          "can_see_other_users_email",
          "users",
          "user"
        ],
        [
          "view_all_media",
          "offliner",
          "media"
        ]
      ]
    }
  },
  {
    "model": "auth.group",
    "fields": {
      "name": "moderator",
      "permissions": [
        [
          "view_adcampaign",
          "offliner",
          "adcampaign"
        ],
        [
          "add_adcampaign",
          "offliner",
          "adcampaign"
        ],
        [
          "change_adcampaign",
          "offliner",
          "adcampaign"
        ],
        [
          "can_change_client",
          "offliner",
          "adcampaign"
        ],
        [
          "can_make_invisible",
          "offliner",
          "adcampaign"
        ],
        [
          "can_approve",
          "offliner",
          "adcampaign"
        ],
        [
          "can_higher_approve",
          "offliner",
          "adcampaign"
        ],
        [
          "has_access_to_admin",
          "users",
          "user"
        ],
        [
          "view_all_adcampaigns",
          "offliner",
          "adcampaign"
        ],
        [
          "add_usertomanagerlink",
          "users",
          "usertomanagerlink"
        ],
        [
          "change_usertomanagerlink",
          "users",
          "usertomanagerlink"
        ],
        [
          "delete_usertomanagerlink",
          "users",
          "usertomanagerlink"
        ],
        [
          "view_usertomanagerlink",
          "users",
          "usertomanagerlink"
        ],
        [
          "view_device",
          "offliner",
          "device"
        ],
        [
          "view_media",
          "offliner",
          "media"
        ],
        [
          "can_see_other_users_email",
          "users",
          "user"
        ],
        [
          "view_all_media",
          "offliner",
          "media"
        ]
      ]
    }
  },
  {
    "model": "auth.group",
    "fields": {
      "name": "confirming moderator",
      "permissions": [
        [
          "view_adcampaign",
          "offliner",
          "adcampaign"
        ],
        [
          "can_approve",
          "offliner",
          "adcampaign"
        ],
        [
          "can_higher_approve",
          "offliner",
          "adcampaign"
        ],
        [
          "has_access_to_admin",
          "users",
          "user"
        ],
        [
          "view_all_adcampaigns",
          "offliner",
          "adcampaign"
        ],
        [
          "view_device",
          "offliner",
          "device"
        ],
        [
          "view_media",
          "offliner",
          "media"
        ],
        [
          "can_see_other_users_email",
          "users",
          "user"
        ],
        [
          "view_all_media",
          "offliner",
          "media"
        ]
      ]
    }
  },
  {
    "model": "auth.group",
    "fields": {
      "name": "admin",
      "permissions": [
        [
          "create_in_any_status",
          "offliner",
          "adcampaign"
        ],
        [
          "can_add_someone_elses_adcampaign",
          "offliner",
          "adcampaign"
        ],
        [
          "can_edit_someone_elses_adcampaign",
          "offliner",
          "adcampaign"
        ],
        [
          "can_delete_someone_elses_adcampaign",
          "offliner",
          "adcampaign"
        ],
        [
          "view_all_adcampaigns",
          "offliner",
          "adcampaign"
        ],
        [
          "has_access_to_admin",
          "users",
          "user"
        ],
        [
          "add_device",
          "offliner",
          "device"
        ],
        [
          "change_device",
          "offliner",
          "device"
        ],
        [
          "delete_device",
          "offliner",
          "device"
        ],
        [
          "view_device",
          "offliner",
          "device"
        ],
        [
          "add_location",
          "offliner",
          "location"
        ],
        [
          "change_location",
          "offliner",
          "location"
        ],
        [
          "delete_location",
          "offliner",
          "location"
        ],
        [
          "view_location",
          "offliner",
          "location"
        ],
        [
          "add_placeholder",
          "offliner",
          "placeholder"
        ],
        [
          "change_placeholder",
          "offliner",
          "placeholder"
        ],
        [
          "delete_placeholder",
          "offliner",
          "placeholder"
        ],
        [
          "view_placeholder",
          "offliner",
          "placeholder"
        ],
        [
          "add_arrangedshow",
          "offliner",
          "arrangedshow"
        ],
        [
          "change_arrangedshow",
          "offliner",
          "arrangedshow"
        ],
        [
          "delete_arrangedshow",
          "offliner",
          "arrangedshow"
        ],
        [
          "view_arrangedshow",
          "offliner",
          "arrangedshow"
        ],
        [
          "add_floatingshow",
          "offliner",
          "floatingshow"
        ],
        [
          "change_floatingshow",
          "offliner",
          "floatingshow"
        ],
        [
          "delete_floatingshow",
          "offliner",
          "floatingshow"
        ],
        [
          "view_floatingshow",
          "offliner",
          "floatingshow"
        ],
        [
          "add_deviceworkperiod",
          "offliner",
          "deviceworkperiod"
        ],
        [
          "change_deviceworkperiod",
          "offliner",
          "deviceworkperiod"
        ],
        [
          "delete_deviceworkperiod",
          "offliner",
          "deviceworkperiod"
        ],
        [
          "view_deviceworkperiod",
          "offliner",
          "deviceworkperiod"
        ],
        [
          "add_adcampaign",
          "offliner",
          "adcampaign"
        ],
        [
          "change_adcampaign",
          "offliner",
          "adcampaign"
        ],
        [
          "delete_adcampaign",
          "offliner",
          "adcampaign"
        ],
        [
          "view_adcampaign",
          "offliner",
          "adcampaign"
        ],
        [
          "add_media",
          "offliner",
          "media"
        ],
        [
          "change_media",
          "offliner",
          "media"
        ],
        [
          "delete_media",
          "offliner",
          "media"
        ],
        [
          "view_media",
          "offliner",
          "media"
        ],
        [
          "add_orderedmediafordevice",
          "offliner",
          "orderedmediafordevice"
        ],
        [
          "add_permission",
          "auth",
          "permission"
        ],
        [
          "change_orderedmediafordevice",
          "offliner",
          "orderedmediafordevice"
        ],
        [
          "delete_orderedmediafordevice",
          "offliner",
          "orderedmediafordevice"
        ],
        [
          "view_orderedmediafordevice",
          "offliner",
          "orderedmediafordevice"
        ],
        [
          "change_permission",
          "auth",
          "permission"
        ],
        [
          "delete_permission",
          "auth",
          "permission"
        ],
        [
          "view_permission",
          "auth",
          "permission"
        ],
        [
          "add_group",
          "auth",
          "group"
        ],
        [
          "change_group",
          "auth",
          "group"
        ],
        [
          "delete_group",
          "auth",
          "group"
        ],
        [
          "view_group",
          "auth",
          "group"
        ],
        [
          "add_contenttype",
          "contenttypes",
          "contenttype"
        ],
        [
          "change_contenttype",
          "contenttypes",
          "contenttype"
        ],
        [
          "delete_contenttype",
          "contenttypes",
          "contenttype"
        ],
        [
          "view_contenttype",
          "contenttypes",
          "contenttype"
        ],
        [
          "add_blacklistedtoken",
          "token_blacklist",
          "blacklistedtoken"
        ],
        [
          "change_blacklistedtoken",
          "token_blacklist",
          "blacklistedtoken"
        ],
        [
          "delete_blacklistedtoken",
          "token_blacklist",
          "blacklistedtoken"
        ],
        [
          "view_blacklistedtoken",
          "token_blacklist",
          "blacklistedtoken"
        ],
        [
          "add_outstandingtoken",
          "token_blacklist",
          "outstandingtoken"
        ],
        [
          "change_outstandingtoken",
          "token_blacklist",
          "outstandingtoken"
        ],
        [
          "delete_outstandingtoken",
          "token_blacklist",
          "outstandingtoken"
        ],
        [
          "view_outstandingtoken",
          "token_blacklist",
          "outstandingtoken"
        ],
        [
          "add_user",
          "users",
          "user"
        ],
        [
          "change_user",
          "users",
          "user"
        ],
        [
          "delete_user",
          "users",
          "user"
        ],
        [
          "view_user",
          "users",
          "user"
        ],
        [
          "can_change_client",
          "offliner",
          "adcampaign"
        ],
        [
          "can_make_invisible",
          "offliner",
          "adcampaign"
        ],
        [
          "can_approve",
          "offliner",
          "adcampaign"
        ],
        [
          "can_higher_approve",
          "offliner",
          "adcampaign"
        ],
        [
          "add_usertomanagerlink",
          "users",
          "usertomanagerlink"
        ],
        [
          "change_usertomanagerlink",
          "users",
          "usertomanagerlink"
        ],
        [
          "delete_usertomanagerlink",
          "users",
          "usertomanagerlink"
        ],
        [
          "view_usertomanagerlink",
          "users",
          "usertomanagerlink"
        ],
        [
          "can_see_other_users_email",
          "users",
          "user"
        ],
        [
          "can_change_user_role",
          "users",
          "user"
        ],
        [
          "view_all_media",
          "offliner",
          "media"
        ],
        [
          "can_edit_someone_elses_media",
          "offliner",
          "media"
        ]
      ]
    }
  }
]


